id,title,content,created_at,author_id,category_id
0,"Add the ""AI Generated"" tag","Please, like there is a tag for ""Action"" games, there also should be a ""AI generated"" tag.

I don't wanna waste my time scrolling trough a pile of ai slop """"""games"""""" on every steam event
I don't wanna see them be pumped trough my recommended or my own queue or even what people are playing feed.
I don't wanna support them at all, even with a single dollar because i did not scrolled all the way down to see that indeed it was ai sloop and i gave money to someone that did nothing at all.

Let us choose if we want or not want to be bombarded with ai sloop and black list it or not.",2026-08-12 12:55:10.852037+08,1,4
1,Request discount notification,Please add a function to notify me for the games I've added in the shopping cart when it has discount.,2026-08-16 16:57:42.510713+08,1,4
2,Report Bugs & Issues Here! (or Discord),"If you encounter any bugs, glitches, or technical issues in the game, please let us know by commenting on this thread or posting in the bug-reports channel on Discord.
- Discord : https://discord.com/invite/uBGckF6XGE

We will continuously work to fix each issue as we confirm them, and any resolved bugs will be noted in the update announcements.

If there's anything that requires direct support rather than just reporting, please feel free to reach out in a separate post or contact us at https://nugemstudio.zendesk.com/hc

Thank you so much for your help.",2026-08-23 11:06:17.452624+08,1,2
