id,title,game_type,description,short_description,platform,stars,status_tag,reviews_count,price,is_free,photo_main,photo_1,photo_2,photo_3,photo_4,photo_5,photo_6
2,Black Myth: Wukong,"PC,PS5,XBOX",5,298,photos/2026/08/14/11578144.jpeg,photos/2026/08/14/KMb2YxzrKbjr4HAGmpHsAd.jpg,photos/2026/08/14/black-myth-wukong-secret-ending-guide-6.avif,"","","","",Action,f,46,Top,"",""
3,AI2U: With You 'Til The End,PC,3,95,photos/2026/08/14/coc2ac.jpg,photos/2026/08/14/maxresdefault.jpg,photos/2026/08/14/CIwoxH.jpg,"","","","","Dating Sims,Strategy",f,2,None,"",""
4,Animal Crossing: New Horizons,SWITCH,4,359,photos/2026/08/14/hero_sp.jpg,photos/2026/08/14/images_1.jpeg,photos/2026/08/14/Animal-Crossing-New-Update-1-1024x576.jpg,"","","","","Multiplayer,Casual",f,12,Out of Stock,"",""
6,Dota 2,PC,4,0,photos/2026/08/14/Dota_2.jpeg,photos/2026/08/14/capsule_616x353.jpg,photos/2026/08/14/472c24bb3cd858319a296640bbc4cd6890e7b357-2354x1280.avif,photos/2026/08/14/1_bjX2HdOx9RyFecPCbmOl4w.jpg,"","","","Tower Defense,Strategy",t,58,None,"",""
5,Tamagotchi Plaza,SWITCH,4,260,photos/2026/08/14/Tamagotchi_Plaza__aOBtbXX.jpeg,photos/2026/08/14/Tamagotchi_Plaza_1_Z1A3KiS.jpeg,photos/2026/08/14/Tamagotchi_Plaza_2_5AeaJbb.jpeg,"","","","","Casual,Strategy",f,23,New,"",""
7,Grand Theft Auto V Enhanced,PC,5,233,photos/2026/08/14/GTA.jpeg,photos/2026/08/14/949dbb4c0ee8c8586ac8a653e7881a7660e39cb3.jpg,"","","","","","Multiplayer,Racing",f,86,None,"",""
1,DRAGON BALL GEKISHIN SQUADRA,"PC,PS5,XBOX",3,0,photos/2026/08/14/66f2022d49c8a0a5505a1e6f4c607d973ba8188ef073dd2c.jpg,photos/2026/08/14/898959683id27579gol.jpg,photos/2026/08/14/69ef56779ccb738ea768a140FpoMhC1i03.png,"","","","",Action,t,3,None,"◆ Intense 4 VS 4 Team Battle
Enter the world of Dragon Ball by bringing your favorite characters' earth-shaking strength to the battlefield, and join up with your friends and allies to defeat your opponents and dominate the objectives.
Grow your strength throughout each round, unlock game-changing attacks and abilities, and obliterate enemy players and bosses alike.

◆ Heroes With Roles
Pick heroes with unique abilities and skills to fulfill strategic roles for your team:
- DAMAGE: Simple but effective, super aggressive play style with a focus to take down the enemy
- TANK: Persistent and hard to K.O., help your team hold the field and soak up the enemy's attacks
- TECHNICAL: Versatile support, maximize your team's chances by boosting your allies and disrupting the enemy.

◆ Customization
Personalize your favorite heroes in your own style with character skins, entrance animations, and special finisher animations.
Find an aesthetic combination that shows off your love for the characters in your own way.",DRAGON BALL GEKISHIN SQUADRA is Dragon Ball's first team-oriented free to play game.
