id,title,author,date,theme,photo_1,photo_2,photo_3,photo_4,paragraph_1,paragraph_2,paragraph_3,paragraph_4,paragraph_5,paragraph_6,paragraph_7,paragraph_8
13,"XBOX 25th Anniversary Celebrations Are Coming To McDonald’s, and In-Game Rewards Are On The Menu_copy",A New UK Incentive,2026-08-19 02:00:58.528313+08,Action,photos/2026/08/19/xbox-25th-anniversary-celebrations-are-coming-to-mcdonalds-and-in-game_o1KbdOT.jpg,"","","","As part of XBOX 25th Anniversary celebrations, some of the biggest XBOX titles are launching McDonald’s game-inspired menu items as part of the celebration.","McDonald’s is partnering with XBOX as part of its 25th anniversary to offer in-game rewards for some of the brand’s most recognizable gaming franchises. These franchises include Halo, Fallout, and Forza. Blizzard Entertainment properties (being that they’re an XBOX property now) are joining the equation with World of Warcraft, Candy Crush and Overwatch to round out the ensemble at McDonald’s.","SVP, chief marketing officer for McDonald’s UK and Ireland, Tim Kenward, says, “Gaming is all about imagination and the worlds we love to get lost in,” adding, “What excites me about this partnership is that we’re bringing parts of these iconic gaming worlds to life, giving fans the chance to experience food they have only ever seen on screen. As a huge Fallout fan, I’m most excited for the Blamco Cheesy Potato Bites.”","","","","",""
3,"XBOX 25th Anniversary Celebrations Are Coming To McDonald’s, and In-Game Rewards Are On The Menu",A New UK Incentive,2026-08-17 10:02:11.339072+08,Action,photos/2026/08/19/xbox-25th-anniversary-celebrations-are-coming-to-mcdonalds-and-in-game_o1KbdOT.jpg,"","","","As part of XBOX 25th Anniversary celebrations, some of the biggest XBOX titles are launching McDonald’s game-inspired menu items as part of the celebration.","McDonald’s is partnering with XBOX as part of its 25th anniversary to offer in-game rewards for some of the brand’s most recognizable gaming franchises. These franchises include Halo, Fallout, and Forza. Blizzard Entertainment properties (being that they’re an XBOX property now) are joining the equation with World of Warcraft, Candy Crush and Overwatch to round out the ensemble at McDonald’s.","SVP, chief marketing officer for McDonald’s UK and Ireland, Tim Kenward, says, “Gaming is all about imagination and the worlds we love to get lost in,” adding, “What excites me about this partnership is that we’re bringing parts of these iconic gaming worlds to life, giving fans the chance to experience food they have only ever seen on screen. As a huge Fallout fan, I’m most excited for the Blamco Cheesy Potato Bites.”","","","","",""
14,Buwan Ng Wika: Lingua Narrative Celebration 2026_copy,South East Asia Aesthetic,2026-08-19 02:00:58.548248+08,Free to play,photos/2026/08/17/b4e04b3bc69fb25a7633de7d9180dac4270f17f9_960x311_1.png,photos/2026/08/17/HPcf2VQaYAApWhx.jpg,"","","Buwan ng Wika is a celebration of the diverse cultures and languages of the Philippines. Let’s celebrate and recognize talented developers from across the world through rich, narrative-driven games and localized titles that embrace the spirit of “Lingua Franca.”

Buwan ng Wika: Lingua Narrative Celebration 2026 is a Steam event hosted by SEAGamethetic, featuring games with localization and a strong focus on narrative elements.

The event will run from August 11 to 16 2026.","","","","","","",""
2,Buwan Ng Wika: Lingua Narrative Celebration 2026,South East Asia Aesthetic,2026-08-11 10:50:01.725595+08,Free to play,photos/2026/08/17/b4e04b3bc69fb25a7633de7d9180dac4270f17f9_960x311_1.png,photos/2026/08/17/HPcf2VQaYAApWhx.jpg,"","","Buwan ng Wika is a celebration of the diverse cultures and languages of the Philippines. Let’s celebrate and recognize talented developers from across the world through rich, narrative-driven games and localized titles that embrace the spirit of “Lingua Franca.”

Buwan ng Wika: Lingua Narrative Celebration 2026 is a Steam event hosted by SEAGamethetic, featuring games with localization and a strong focus on narrative elements.

The event will run from August 11 to 16 2026.","","","","","","",""
